gene	orthogroup	orthogroup_support	reference_ortholog	reference_support
AlveolataEP00742ColponemidiaspColp10_4276730__XDH_DROSU_Xanthine_dehydrogenase_OS_	OG0	1.0		
ChoanoflagellataEP00037Helgoecanana_10813728__XDH_DROPS_Xanthine_dehydrogenase_OS_	OG0	1.0		
CentroplasthelidaEP00300ChoanocystisspHF7_5627360__CUTC_SULAC_Glyceraldehyde_dehydrogenase_small_chain_OS_	OG0	1.0		
ChoanoflagellataEP00035Acanthoecaspectabilis_10747292__XDH_DROPS_Xanthine_dehydrogenase_OS_	OG0	1.0		
AlveolataEP00742ColponemidiaspColp10_4272929__XDH_CHICK_Xanthine_dehydrogenase_oxidase_OS_	OG0	1.0		
StramenopilesEP00652Aphanomycesastaci_26146915__XDH_DICDI_Xanthine_dehydrogenase_OS_	OG1	1.0		
TelonemiaP00656Telonemasubtile_26562734__XDH_DICDI_Xanthine_dehydrogenase_OS_	OG1	1.0		
ChoanoflagellataEP00040Diaphanoecagrandis_10922270__XDH_DICDI_Xanthine_dehydrogenase_OS_	OG1	1.0		
HaptophytaEP00327Prymnesiumparvum_14278111__XDH_EMENI_Xanthine_dehydrogenase_OS_	OG1	1.0		
ChoanoflagellataEP00037Helgoecanana_10782805__XDH_DICDI_Xanthine_dehydrogenase_OS_	OG1	1.0		
TelonemiaP00656Telonemasubtile_26562733__XDH_HUMAN_Xanthine_dehydrogenase_oxidase_OS_	OG1	1.0		
ChoanoflagellataEP00035Acanthoecaspectabilis_10754993__XDH_DROSU_Xanthine_dehydrogenase_OS_	OG1	1.0		
HaptophytaEP00327Prymnesiumparvum_14293751__XDH_DROME_Xanthine_dehydrogenase_OS_	OG1	1.0		
AlveolataEP00742ColponemidiaspColp10_4275126__XDH_DICDI_Xanthine_dehydrogenase_OS_	OG1	1.0		
StramenopilesEP00652Aphanomycesastaci_26146917__XDH_DICDI_Xanthine_dehydrogenase_OS_	OG1	1.0		
StramenopilesEP00652Aphanomycesastaci_26146916__XDH_DICDI_Xanthine_dehydrogenase_OS_	OG1	1.0		
MetazoaUrochordataOikopleuradioica_5366002__ALDO2_MAIZE_Indole-3-acetaldehyde_oxidase_OS_	OG2	1.0		
MetazoaBryozoaBugulaneritina_2329956__XDH_CHICK_Xanthine_dehydrogenase_oxidase_OS_	OG2	1.0		
MetazoaBryozoaBugulaneritina_2318297__XDH_ORYSJ_Xanthine_dehydrogenase_OS_	OG2	1.0		
MetazoaBryozoaBugulaneritina_2748370__HXNS_EMENI_Nicotinate_hydroxylase_hnxS_OS_	OG2	1.0		
MetazoaBryozoaBugulaneritina_2790807__XDH_CHICK_Xanthine_dehydrogenase_oxidase_OS_	OG2	1.0		
MetazoaBryozoaBugulaneritina_2228447__XDH_DICDI_Xanthine_dehydrogenase_OS_	OG2	1.0		
ApusomonadidaThecamonastrahensUP000054408_5484145__AOXA_BOVIN_Aldehyde_oxidase_1_OS_	OG3	1.0		
TelonemiaP00656Telonemasubtile_26521588__ALDO4_ARATH_Aldehyde_oxidase_4_OS_	OG3	1.0		
TelonemiaP00656Telonemasubtile_26521589__XDH_DICDI_Xanthine_dehydrogenase_OS_	OG3	1.0		
TelonemiaP00656Telonemasubtile_26521587__XDH_DICDI_Xanthine_dehydrogenase_OS_	OG3	1.0		
TelonemiaP00656Telonemasubtile_26567769__XDH_DICDI_Xanthine_dehydrogenase_OS_	OG3	1.0		
TelonemiaP00656Telonemasubtile_26552190__XDH_DROME_Xanthine_dehydrogenase_OS_	OG3	1.0		
ChoanoflagellataEP00039Didymoecacostata_10854311__XDH_DICDI_Xanthine_dehydrogenase_OS_	OG3	1.0		
TelonemiaP00656Telonemasubtile_26521585__XDH_DICDI_Xanthine_dehydrogenase_OS_	OG3	1.0		
ChoanoflagellataEP00037Helgoecanana_10804268__XDH_CHICK_Xanthine_dehydrogenase_oxidase_OS_	OG3	1.0		
ChoanoflagellataEP00035Acanthoecaspectabilis_10735774__XDH_DICDI_Xanthine_dehydrogenase_OS_	OG3	1.0		
CentroplasthelidaEP00300ChoanocystisspHF7_5599458__ALDO3_ARATH_Abscisic-aldehyde_oxidase_OS_	OG4	1.0		
AmoebozoaEP00007CuneaspBSH02190019_4982346__ALDO3_ARATH_Abscisic-aldehyde_oxidase_OS_	OG4	1.0		
RigifilidaEP00004Rigifilaramosa_23144588__ALDO2_ARATH_Indole-3-acetaldehyde_oxidase_OS_	OG4	1.0		
RigifilidaEP00004Rigifilaramosa_23144589__ALDO2_ARATH_Indole-3-acetaldehyde_oxidase_OS_	OG4	1.0		
HaptophytaEP00319Phaeocystisglobosa_14067783__ALDO2_ARATH_Indole-3-acetaldehyde_oxidase_OS_	OG4	1.0		
TelonemiaP00656Telonemasubtile_26549806__ALDO2_ARATH_Indole-3-acetaldehyde_oxidase_OS_	OG4	1.0		
TelonemiaP00656Telonemasubtile_26531944__XDH_CHICK_Xanthine_dehydrogenase_oxidase_OS_	OG4	1.0		
ChoanoflagellataEP00040Diaphanoecagrandis_10892137__ALDO2_ARATH_Indole-3-acetaldehyde_oxidase_OS_	OG4	1.0		
HaptophytaEP00319Phaeocystisglobosa_14068562__ALDO1_MAIZE_Indole-3-acetaldehyde_oxidase_OS_	OG4	1.0		
AmoebozoaEP00007CuneaspBSH02190019_4984525__ALDO4_ARATH_Aldehyde_oxidase_4_OS_	OG4	1.0		
RigifilidaEP00004Rigifilaramosa_23144590__XDH_DROME_Xanthine_dehydrogenase_OS_	OG4	1.0		
ChloroplastidaArabidopsisthalianaUP000006548_5876044__ALDO1_ARATH_Indole-3-acetaldehyde_oxidase_OS_	OG4	1.0		
ChloroplastidaEP00248Marchantiapolymorpha_7477619__ALDO1_ORYSJ_Probable_aldehyde_oxidase_1_OS_	OG4	1.0		
ChloroplastidaArabidopsisthalianaUP000006548_5876043__ALDO2_ARATH_Indole-3-acetaldehyde_oxidase_OS_	OG4	1.0		
ChloroplastidaArabidopsisthalianaUP000006548_5876042__ALDO4_ARATH_Aldehyde_oxidase_4_OS_	OG4	1.0		
ChloroplastidaArabidopsisthalianaUP000006548_5876050__ALDO3_ARATH_Abscisic-aldehyde_oxidase_OS_	OG4	1.0		
ChloroplastidaEP00248Marchantiapolymorpha_7477618__ALDO1_ORYSJ_Probable_aldehyde_oxidase_1_OS_	OG4	1.0		
CentroplasthelidaEP00300ChoanocystisspHF7_5599457__ALDO3_ARATH_Abscisic-aldehyde_oxidase_OS_	OG4	1.0		
ChloroplastidaChlamydomonasreinhardtiiUP000006906_6358064__ALDO3_ORYSJ_Probable_aldehyde_oxidase_3_OS_	OG4	1.0		
ChloroplastidaEP00248Marchantiapolymorpha_7470896__XDH_DICDI_Xanthine_dehydrogenase_OS_	OG5	1.0		
TelonemiaP00656Telonemasubtile_26527374__XDH_DICDI_Xanthine_dehydrogenase_OS_	OG5	1.0		
ChloroplastidaEP00738Chloropiconprimus_8603393__XDH_DROME_Xanthine_dehydrogenase_OS_	OG5	1.0		
TelonemiaP00656Telonemasubtile_26527375__XDH_DICDI_Xanthine_dehydrogenase_OS_	OG5	1.0		
AmoebozoaEP00029Vermamoebavermiformis_5281748__XDH_DROME_Xanthine_dehydrogenase_OS_	OG6	1.0		
MetazoaCephalochordataBranchiostomabelcheri_2816054__ALDO2_ORYSJ_Probable_aldehyde_oxidase_2_OS_	OG6	1.0		
MetazoaPoriferaAmphimedonqueenslandica_4680063__PPT1_BOVIN_Palmitoyl-protein_thioesterase_1_OS_	OG6	1.0		
MetazoaArthropodaEP00090Calanusglacialis_719083__XDH_DROSU_Xanthine_dehydrogenase_OS_	OG6	1.0		
MetazoaCnidariaMadracisauretenra_3301123__XDH_ORYSJ_Xanthine_dehydrogenase_OS_	OG6	1.0		
ApusomonadidaThecamonastrahensUP000054408_5484678__XDH_DROSU_Xanthine_dehydrogenase_OS_	OG6	1.0		
MetazoaPoriferaLeucosoleniacomplicata_5009620__XDH_CHICK_Xanthine_dehydrogenase_oxidase_OS_	OG6	1.0		
MetazoaArthropodaDrosophilamelanogaster_245843__ALDO2_ARATH_Indole-3-acetaldehyde_oxidase_OS_	OG6	1.0		
MetazoaPoriferaStylissacarteri_5090729__XDH_MOUSE_Xanthine_dehydrogenase_oxidase_OS_	OG6	1.0		
MetazoaPoriferaEphydatiamuelleri_4923685__XDH_ORYSJ_Xanthine_dehydrogenase_OS_	OG6	1.0		
MetazoaPoriferaEP00118Oscarellapearsei_4823192__ALDO3_ARATH_Abscisic-aldehyde_oxidase_OS_	OG6	1.0		
MetazoaPoriferaAmphimedonqueenslandica_4708328__XDH_RAT_Xanthine_dehydrogenase_oxidase_OS_	OG6	1.0		
MetazoaCnidariaNematostellavectensis_3375218__XDH_FELCA_Xanthine_dehydrogenase_oxidase_OS_	OG6	1.0		
MetazoaAnnelidaEP00103Capitellateleta_62856__ALDO3_ARATH_Abscisic-aldehyde_oxidase_OS_	OG6	1.0		
MetazoaCnidariaAstreoporasp_3025758__GAD3_CAEEL_Probable_aldehyde_oxidase_gad-3_OS_	OG6	1.0		
MetazoaVertebrateEptatretusburgeri_6404047__XDH_DICDI_Xanthine_dehydrogenase_OS_	OG6	1.0		
MetazoaTardigradaRamazzotiusvarieornatus_5290184__XDH_ORYSJ_Xanthine_dehydrogenase_OS_	OG6	1.0		
MetazoaPoriferaAmphimedonqueenslandica_4670584__XDH_CHICK_Xanthine_dehydrogenase_oxidase_OS_	OG6	1.0		
MetazoaCnidariaAstreoporasp_3038800__XDH_CHICK_Xanthine_dehydrogenase_oxidase_OS_	OG6	1.0		
ChoanoflagellataEP00050Salpingoecakvevrii_11195832__ALDO2_ARATH_Indole-3-acetaldehyde_oxidase_OS_	OG6	1.0		
MetazoaCnidariaGorgoniaventalina_3218793__XDH_EMENI_Xanthine_dehydrogenase_OS_	OG6	1.0		
MetazoaPoriferaEP00118Oscarellapearsei_4810232__XDH_DROPS_Xanthine_dehydrogenase_OS_	OG6	1.0		
MetazoaCnidariaAureliaGenome_3074008__XDH_DICDI_Xanthine_dehydrogenase_OS_	OG6	1.0		
MetazoaPoriferaEP00118Oscarellapearsei_4832930__XDH_DICDI_Xanthine_dehydrogenase_OS_	OG6	1.0		
HaptophytaEP00319Phaeocystisglobosa_14061950__XDH_DROME_Xanthine_dehydrogenase_OS_	OG6	1.0		
MetazoaPoriferaLeucosoleniacomplicata_5053573__XDH_DROME_Xanthine_dehydrogenase_OS_	OG6	1.0		
MetazoaTardigradaRamazzotiusvarieornatus_5289414__XDH_DICDI_Xanthine_dehydrogenase_OS_	OG6	1.0		
MetazoaPoriferaHaliclonatubifera_4956463__XDH_CHICK_Xanthine_dehydrogenase_oxidase_OS_	OG6	1.0		
MetazoaPoriferaEP00118Oscarellapearsei_4813767__XDH_BLAAD_Xanthine_dehydrogenase_OS_	OG6	1.0		
MetazoaPoriferaEP00118Oscarellapearsei_4829113__XDH_DROSU_Xanthine_dehydrogenase_OS_	OG6	1.0		
MetazoaPoriferaLeucosoleniacomplicata_5033686__XDH_DICDI_Xanthine_dehydrogenase_OS_	OG6	1.0		
MetazoaCephalochordataBranchiostomabelcheri_2816058__XDH_EMENI_Xanthine_dehydrogenase_OS_	OG6	1.0		
MetazoaPoriferaLeucosoleniacomplicata_4972825__XDH_DROME_Xanthine_dehydrogenase_OS_	OG6	1.0		
MetazoaBryozoaBugulaneritina_1987177__XDH_DROME_Xanthine_dehydrogenase_OS_	OG6	1.0		
MetazoaArthropodaDrosophilamelanogaster_248644__ALDO2_ARATH_Indole-3-acetaldehyde_oxidase_OS_	OG6	1.0		
MetazoaPoriferaSyconciliatum_5128425__XDH_DROSU_Xanthine_dehydrogenase_OS_	OG6	1.0		
MetazoaCnidariaNematostellavectensis_3391967__ALDO3_ORYSJ_Probable_aldehyde_oxidase_3_OS_	OG6	1.0		
IchthyosporeaEP00126Sphaerothecumdestruens_14598362__XDH_DICDI_Xanthine_dehydrogenase_OS_	OG6	1.0		
MetazoaCnidariaMontastraeacavernosa_3341601__XDH_DICDI_Xanthine_dehydrogenase_OS_	OG6	1.0		
MetazoaPoriferaAmphimedonqueenslandica_4691056__AOXD_MOUSE_Aldehyde_oxidase_4_OS_	OG6	1.0		
MetazoaCnidariaMadracisauretenra_3306993__ALDO2_ARATH_Indole-3-acetaldehyde_oxidase_OS_	OG6	1.0		
MetazoaPoriferaHaliclonatubifera_4956625__ALDO4_ARATH_Aldehyde_oxidase_4_OS_	OG6	1.0		
MetazoaPoriferaEP00118Oscarellapearsei_4816581__ALDO2_ARATH_Indole-3-acetaldehyde_oxidase_OS_	OG6	1.0		
IchthyosporeaEP00126Sphaerothecumdestruens_14599614__XDH_DROME_Xanthine_dehydrogenase_OS_	OG6	1.0		
MetazoaPoriferaAmphimedonqueenslandica_4682360__XDH_CHICK_Xanthine_dehydrogenase_oxidase_OS_	OG6	1.0		
MetazoaRotiferaBrachionusplicatilis_5244607__XDH_DICDI_Xanthine_dehydrogenase_OS_	OG6	1.0		
MetazoaBryozoaBugulaneritina_2569432__ALDO3_ARATH_Abscisic-aldehyde_oxidase_OS_	OG6	1.0		
ChoanoflagellataEP00039Didymoecacostata_10866741__XDH_DROSU_Xanthine_dehydrogenase_OS_	OG6	1.0		
MetazoaArthropodaDrosophilamelanogaster_248645__ALDO2_ARATH_Indole-3-acetaldehyde_oxidase_OS_	OG6	1.0		
MetazoaRotiferaBrachionusplicatilis_5235508__ALDOL_ORYSJ_Putative_aldehyde_oxidase-like_protein_OS_	OG6	1.0		
MetazoaPoriferaAmphimedonqueenslandica_4696925__XDH_RAT_Xanthine_dehydrogenase_oxidase_OS_	OG6	1.0		
MetazoaPoriferaLeucosoleniacomplicata_5007136__XDH_MOUSE_Xanthine_dehydrogenase_oxidase_OS_	OG6	1.0		
MetazoaPoriferaLeucosoleniacomplicata_5024035__XDH_ORYSJ_Xanthine_dehydrogenase_OS_	OG6	1.0		
MetazoaBrachiopodaLingulaunguis_1303697__ALDO1_ARATH_Indole-3-acetaldehyde_oxidase_OS_	OG6	1.0		
MetazoaPoriferaEP00118Oscarellapearsei_4829116__XDH_DROSU_Xanthine_dehydrogenase_OS_	OG6	1.0		
MetazoaPoriferaEP00118Oscarellapearsei_4829117__XDH_DROSU_Xanthine_dehydrogenase_OS_	OG6	1.0		
MetazoaPoriferaEP00118Oscarellapearsei_4823193__XDH_EMENI_Xanthine_dehydrogenase_OS_	OG6	1.0		
MetazoaBrachiopodaLingulaunguis_1278584__XDH_DICDI_Xanthine_dehydrogenase_OS_	OG6	1.0		
MetazoaCnidariaAstreoporasp_3026137__XDH_BOVIN_Xanthine_dehydrogenase_oxidase_OS_	OG6	1.0		
MetazoaCnidariaGorgoniaventalina_3221283__XDH_DROSU_Xanthine_dehydrogenase_OS_	OG6	1.0		
MetazoaCnidariaNematostellavectensis_3378376__XDH_DROSU_Xanthine_dehydrogenase_OS_	OG6	1.0		
MetazoaCephalochordataBranchiostomabelcheri_2821088__XDH_DROME_Xanthine_dehydrogenase_OS_	OG6	1.0		
MetazoaArthropodaDrosophilamelanogaster_248646__ALDO2_ARATH_Indole-3-acetaldehyde_oxidase_OS_	OG6	1.0		
MetazoaCnidariaAcroporadigitifera_2941930__XDH_DROME_Xanthine_dehydrogenase_OS_	OG6	1.0		
MetazoaCnidariaFungiascutaria_3201218__ALDO2_ARATH_Indole-3-acetaldehyde_oxidase_OS_	OG6	1.0		
MetazoaPoriferaEP00118Oscarellapearsei_4837321__ALDO3_ARATH_Abscisic-aldehyde_oxidase_OS_	OG6	1.0		
ChoanoflagellataEP00047Mylnosigafluctuans_11125294__XDH_DROSU_Xanthine_dehydrogenase_OS_	OG6	1.0		
ChoanoflagellateaMonosigabrevicollisUP000001357_11429484__XDH_DROPS_Xanthine_dehydrogenase_OS_	OG6	1.0		
MetazoaUrochordataEP00059Cionaintestinalis_5335530__ALDO2_ARATH_Indole-3-acetaldehyde_oxidase_OS_	OG6	1.0		
MetazoaCephalochordataBranchiostomabelcheri_2816053__ALDO2_ORYSJ_Probable_aldehyde_oxidase_2_OS_	OG6	1.0		
MetazoaCnidariaAcroporadigitifera_2941931__XDH_DROPS_Xanthine_dehydrogenase_OS_	OG6	1.0		
MetazoaArthropodaEP00090Calanusglacialis_719084__XDH_DROSU_Xanthine_dehydrogenase_OS_	OG6	1.0		
MetazoaMolluscaLottiagigantea_4215347__XDH_DICDI_Xanthine_dehydrogenase_OS_	OG6	1.0		
MetazoaCnidariaNematostellavectensis_3387174__XDH_BLAAD_Xanthine_dehydrogenase_OS_	OG6	1.0		
MetazoaBrachiopodaLingulaunguis_1303700__XDH_EMENI_Xanthine_dehydrogenase_OS_	OG6	1.0		
MetazoaRotiferaBrachionusplicatilis_5223368__XDH_CALVI_Xanthine_dehydrogenase_OS_	OG6	1.0		
MetazoaPoriferaLeucosoleniacomplicata_4970743__ALDO4_ARATH_Aldehyde_oxidase_4_OS_	OG6	1.0		
MetazoaPoriferaLeucosoleniacomplicata_5054007__ALDO4_ARATH_Aldehyde_oxidase_4_OS_	OG6	1.0		
MetazoaCnidariaMadracisauretenra_3291689__XDH_HUMAN_Xanthine_dehydrogenase_oxidase_OS_	OG6	1.0		
ChoanoflagellateaMonosigabrevicollisUP000001357_11429485__XDH_EMENI_Xanthine_dehydrogenase_OS_	OG6	1.0		
MetazoaPoriferaEP00118Oscarellapearsei_4813766__XDH_ORYSJ_Xanthine_dehydrogenase_OS_	OG6	1.0		
MetazoaPoriferaEP00118Oscarellapearsei_4829110__XDH_CHICK_Xanthine_dehydrogenase_oxidase_OS_	OG6	1.0		
MetazoaTardigradaRamazzotiusvarieornatus_5283333__XDH_DROME_Xanthine_dehydrogenase_OS_	OG6	1.0		
MetazoaArthropodaDaphniapulex_195219__ALDO2_ARATH_Indole-3-acetaldehyde_oxidase_OS_	OG6	1.0		
MetazoaArthropodaDaphniapulex_195220__ALDO2_ARATH_Indole-3-acetaldehyde_oxidase_OS_	OG6	1.0		
MetazoaCnidariaGorgoniaventalina_3223621__XDH_ORYSJ_Xanthine_dehydrogenase_OS_	OG6	1.0		
MetazoaCnidariaAnthopleuraelegantissima_3022086__XDH_BOVIN_Xanthine_dehydrogenase_oxidase_OS_	OG6	1.0		
MetazoaTardigradaRamazzotiusvarieornatus_5293663__XDH_EMENI_Xanthine_dehydrogenase_OS_	OG6	1.0		
GlaucophytaEP00276Gloeochaetewittrockiana_13493918__ALDO3_ORYSJ_Probable_aldehyde_oxidase_3_OS_	OG6	1.0		
MetazoaPoriferaEP00118Oscarellapearsei_4816364__XDH_DICDI_Xanthine_dehydrogenase_OS_	OG6	1.0		
MetazoaAnnelidaEP00103Capitellateleta_62857__XDH_DROME_Xanthine_dehydrogenase_OS_	OG6	1.0		
MetazoaCnidariaAnthopleuraelegantissima_2999255__ALDO2_ARATH_Indole-3-acetaldehyde_oxidase_OS_	OG6	1.0		
MetazoaPoriferaAmphimedonqueenslandica_4676324__XDH_CHICK_Xanthine_dehydrogenase_oxidase_OS_	OG6	1.0		
MetazoaTardigradaRamazzotiusvarieornatus_5288757__XDH_EMENI_Xanthine_dehydrogenase_OS_	OG6	1.0		
MetazoaMolluscaLottiagigantea_4201884__XDH_EMENI_Xanthine_dehydrogenase_OS_	OG6	1.0		
MetazoaTardigradaRamazzotiusvarieornatus_5285069__XDH_ORYSJ_Xanthine_dehydrogenase_OS_	OG6	1.0		
MetazoaRotiferaBrachionusplicatilis_5235026__XDH_CHICK_Xanthine_dehydrogenase_oxidase_OS_	OG6	1.0		
MetazoaPoriferaEP00118Oscarellapearsei_4813765__XDH_CHICK_Xanthine_dehydrogenase_oxidase_OS_	OG6	1.0		
MetazoaPoriferaAmphimedonqueenslandica_4690830__XDH_CHICK_Xanthine_dehydrogenase_oxidase_OS_	OG6	1.0		
MetazoaRotiferaBrachionusplicatilis_5273054__AOXB_RAT_Aldehyde_oxidase_2_OS_	OG6	1.0		
ChoanoflagellataEP00045Choanoecaperplexa_11094547__XDH_DROME_Xanthine_dehydrogenase_OS_	OG6	1.0		
MetazoaVertebrateEptatretusburgeri_6404048__XDH_DROME_Xanthine_dehydrogenase_OS_	OG6	1.0		
MetazoaCnidariaNematostellavectensis_3394229__XDH_DROSU_Xanthine_dehydrogenase_OS_	OG6	1.0		
MetazoaPoriferaAmphimedonqueenslandica_4685918__XDH_CHICK_Xanthine_dehydrogenase_oxidase_OS_	OG6	1.0		
MetazoaBrachiopodaLingulaunguis_1293925__XDH_FELCA_Xanthine_dehydrogenase_oxidase_OS_	OG6	1.0		
MetazoaPoriferaEphydatiamuelleri_4913592__XDH_MOUSE_Xanthine_dehydrogenase_oxidase_OS_	OG6	1.0		
MetazoaRotiferaBrachionusplicatilis_5225238__ALDO3_ORYSJ_Probable_aldehyde_oxidase_3_OS_	OG6	1.0		
MetazoaCnidariaAstreoporasp_3025757__XDH1_ARATH_Xanthine_dehydrogenase_1_OS_	OG6	1.0		
MetazoaMolluscaLottiagigantea_4204982__XDH_DICDI_Xanthine_dehydrogenase_OS_	OG6	1.0		
MetazoaPoriferaLeucosoleniacomplicata_5032009__XDH_ORYSJ_Xanthine_dehydrogenase_OS_	OG6	1.0		
MetazoaRotiferaBrachionusplicatilis_5248045__AOXD_MOUSE_Aldehyde_oxidase_4_OS_	OG6	1.0		
MetazoaCnidariaAureliaGenome_3065198__XDH_ORYSJ_Xanthine_dehydrogenase_OS_	OG6	1.0		
MetazoaCnidariaGorgoniaventalina_3220371__ALDO4_ARATH_Aldehyde_oxidase_4_OS_	OG6	1.0		
MetazoaCnidariaMadracisauretenra_3298743__XDH_DROPS_Xanthine_dehydrogenase_OS_	OG6	1.0		
MetazoaPoriferaEP00118Oscarellapearsei_4829111__XDH_DROME_Xanthine_dehydrogenase_OS_	OG6	1.0		
MetazoaArthropodaDaphniapulex_213595__XDH2_ARATH_Xanthine_dehydrogenase_2_OS_	OG6	1.0		
MetazoaCnidariaGorgoniaventalina_3207063__XDH_CHICK_Xanthine_dehydrogenase_oxidase_OS_	OG6	1.0		
MetazoaCnidariaGorgoniaventalina_3234170__XDH_EMENI_Xanthine_dehydrogenase_OS_	OG6	1.0		
MetazoaCnidariaStylophorapistillata_3664789__XDH_CHICK_Xanthine_dehydrogenase_oxidase_OS_	OG6	1.0		
MetazoaVertebrateEptatretusburgeri_6404050__XDH_CALVI_Xanthine_dehydrogenase_OS_	OG6	1.0		
MetazoaArthropodaEP00090Calanusglacialis_716899__XDH_DROME_Xanthine_dehydrogenase_OS_	OG6	1.0		
MetazoaCnidariaFungiascutaria_3201219__XDH_HUMAN_Xanthine_dehydrogenase_oxidase_OS_	OG6	1.0		
MetazoaCnidariaNematostellavectensis_3375217__XDH_RAT_Xanthine_dehydrogenase_oxidase_OS_	OG6	1.0		
MetazoaPoriferaAmphimedonqueenslandica_4672538__XDH_DROME_Xanthine_dehydrogenase_OS_	OG6	1.0		
MetazoaCnidariaAnthopleuraelegantissima_3004333__XDH_EMENI_Xanthine_dehydrogenase_OS_	OG6	1.0		
CentroplasthelidaEP00300ChoanocystisspHF7_5617320__XDH_DROME_Xanthine_dehydrogenase_OS_	OG6	1.0		
MetazoaCnidariaPoritesaustraliensis_3539251__XDH_DROPS_Xanthine_dehydrogenase_OS_	OG6	1.0		
MetazoaPoriferaHaliclonatubifera_4955924__ALDO2_ARATH_Indole-3-acetaldehyde_oxidase_OS_	OG6	1.0		
MetazoaPoriferaAmphimedonqueenslandica_4671950__XDH_DROME_Xanthine_dehydrogenase_OS_	OG6	1.0		
FilastreaCapsasporaowczarzakiUP000008743_12984579__XDH_DICDI_Xanthine_dehydrogenase_OS_	OG6	1.0		
TelonemiaP00656Telonemasubtile_26525258__XDH_FELCA_Xanthine_dehydrogenase_oxidase_OS_	OG6	1.0		
AlveolataEP00742ColponemidiaspColp10_4283514__XDH_CHICK_Xanthine_dehydrogenase_oxidase_OS_	OG6	1.0		
ChoanoflagellataEP00040Diaphanoecagrandis_10916720__XDH_CHICK_Xanthine_dehydrogenase_oxidase_OS_	OG7	1.0		
AmoebozoaEP00007CuneaspBSH02190019_4982133__XDH_HUMAN_Xanthine_dehydrogenase_oxidase_OS_	OG7	1.0		
MetazoaPoriferaStylissacarteri_5079906__XDH_DROPS_Xanthine_dehydrogenase_OS_	OG7	1.0		
MetazoaPoriferaHaliclonatubifera_4956837__XDH_ORYSJ_Xanthine_dehydrogenase_OS_	OG7	1.0		
MetazoaPoriferaStylissacarteri_5097087__XDH_DROSU_Xanthine_dehydrogenase_OS_	OG7	1.0		
MetazoaPoriferaStylissacarteri_5075903__XDH_CHICK_Xanthine_dehydrogenase_oxidase_OS_	OG7	1.0		
MetazoaPoriferaStylissacarteri_5092475__XDH_DROPS_Xanthine_dehydrogenase_OS_	OG7	1.0		
ChoanoflagellataEP00040Diaphanoecagrandis_10916718__XDH_BLAAD_Xanthine_dehydrogenase_OS_	OG7	1.0		
ChoanoflagellataEP00035Acanthoecaspectabilis_10726836__XDH_DROME_Xanthine_dehydrogenase_OS_	OG7	1.0		
IchthyosporeaSphaeroformaarcticaUP000054560_14630506__XDH_EMENI_Xanthine_dehydrogenase_OS_	OG7	1.0		
MetazoaCnidariaGorgoniaventalina_3220908__DCML_HYDPS_Carbon_monoxide_dehydrogenase_large_chain_OS_	OG8	1.0		
MetazoaAnnelidaEP00103Capitellateleta_65260__XDHA_ECOLI_Putative_xanthine_dehydrogenase_molybdenum-binding_subunit_XdhA_OS_	OG8	1.0		
BreviataEP00033Pygsuiabiforma_5528970__XDH_DROME_Xanthine_dehydrogenase_OS_	OG8	1.0		
ChoanoflagellataEP00039Didymoecacostata_10853682__XDH_BOVIN_Xanthine_dehydrogenase_oxidase_OS_	OG9	1.0		
MetazoaCnidariaMontastraeacavernosa_3349039__XDH_ORYSJ_Xanthine_dehydrogenase_OS_	OG9	1.0		
CentroplasthelidaEP00300ChoanocystisspHF7_5612749__XDH_DICDI_Xanthine_dehydrogenase_OS_	OG10	1.0		
RigifilidaEP00004Rigifilaramosa_23126863__XDH_DROME_Xanthine_dehydrogenase_OS_	OG10	1.0		
MetazoaCnidariaGorgoniaventalina_3210517__XDH_CHICK_Xanthine_dehydrogenase_oxidase_OS_	OG10	1.0		
MetazoaCnidariaGorgoniaventalina_3222950__XDH_DROPS_Xanthine_dehydrogenase_OS_	OG10	1.0		
RigifilidaEP00004Rigifilaramosa_23128428__XDH_MOUSE_Xanthine_dehydrogenase_oxidase_OS_	OG10	1.0		
MetazoaAnnelidaEP00103Capitellateleta_76426__XDH_FELCA_Xanthine_dehydrogenase_oxidase_OS_	OG10	1.0		
MetazoaCnidariaGorgoniaventalina_3230866__XDH_CHICK_Xanthine_dehydrogenase_oxidase_OS_	OG10	1.0		
MetazoaPoriferaStylissacarteri_5082310__XDH_DICDI_Xanthine_dehydrogenase_OS_	OG10	1.0		
RotosphaeridaEP00160Parvulariaatlantis_23163891__XDH_BOVIN_Xanthine_dehydrogenase_oxidase_OS_	OG10	1.0		
MetazoaCnidariaFungiascutaria_3194124__XDH_CHICK_Xanthine_dehydrogenase_oxidase_OS_	OG10	1.0		
CentroplasthelidaEP00300ChoanocystisspHF7_5609595__XDH_ORYSJ_Xanthine_dehydrogenase_OS_	OG10	1.0		
BreviataEP00033Pygsuiabiforma_5533702__XDH_DICDI_Xanthine_dehydrogenase_OS_	OG11	1.0		
MetazoaCnidariaGorgoniaventalina_3233873__XDH_DROSU_Xanthine_dehydrogenase_OS_	OG11	1.0		
MetazoaAnnelidaEP00103Capitellateleta_72677__XDH_EMENI_Xanthine_dehydrogenase_OS_	OG11	1.0		
MetazoaCnidariaGorgoniaventalina_3227958__XDH_BLAAD_Xanthine_dehydrogenase_OS_	OG11	1.0		
ChoanoflagellataEP00039Didymoecacostata_10853683__XDH_DICDI_Xanthine_dehydrogenase_OS_	OG11	1.0		
MetazoaAnnelidaEP00103Capitellateleta_61428__XDHC_ECOLI_Putative_xanthine_dehydrogenase_iron-sulfur-binding_subunit_XdhC_OS_	OG12	1.0		
MetazoaCnidariaGorgoniaventalina_3234726__NICA_PSEPK_Nicotinate_dehydrogenase_subunit_A_OS_	OG12	1.0		
RigifilidaEP00004Rigifilaramosa_23126135__PAOA_ECO57_Aldehyde_oxidoreductase_iron-sulfur-binding_subunit_PaoA_OS_	OG12	1.0		
CentroplasthelidaEP00300ChoanocystisspHF7_5617406__IORA_BREDI_Isoquinoline_1-oxidoreductase_subunit_alpha_OS_	OG12	1.0		
MetazoaCnidariaGorgoniaventalina_3226550__PAOA_ECOLI_Aldehyde_oxidoreductase_iron-sulfur-binding_subunit_PaoA_OS_	OG12	1.0		
CentroplasthelidaEP00300ChoanocystisspHF7_5617743__IORA_BREDI_Isoquinoline_1-oxidoreductase_subunit_alpha_OS_	OG12	1.0		
ChoanoflagellataEP00035Acanthoecaspectabilis_10748200__IORA_BREDI_Isoquinoline_1-oxidoreductase_subunit_alpha_OS_	OG12	1.0		
MetazoaCnidariaGorgoniaventalina_3223395__PAOA_ECOLI_Aldehyde_oxidoreductase_iron-sulfur-binding_subunit_PaoA_OS_	OG12	1.0		
AlveolataEP00742ColponemidiaspColp10_4302356__IORA_BREDI_Isoquinoline_1-oxidoreductase_subunit_alpha_OS_	OG12	1.0		
RigifilidaEP00004Rigifilaramosa_23146171__IORA_BREDI_Isoquinoline_1-oxidoreductase_subunit_alpha_OS_	OG12	1.0		
MetazoaCnidariaGorgoniaventalina_3218911__IORA_BREDI_Isoquinoline_1-oxidoreductase_subunit_alpha_OS_	OG12	1.0		
MetazoaCnidariaGorgoniaventalina_3208439__IORA_BREDI_Isoquinoline_1-oxidoreductase_subunit_alpha_OS_	OG12	1.0		
MetazoaCnidariaGorgoniaventalina_3212855__NICA_PSEPK_Nicotinate_dehydrogenase_subunit_A_OS_	OG12	1.0		
MetazoaArthropodaEP00090Calanusglacialis_689811__XDH_FELCA_Xanthine_dehydrogenase_oxidase_OS_	OG13	1.0		
MetazoaPoriferaLeucosoleniacomplicata_4970730__XDH_MOUSE_Xanthine_dehydrogenase_oxidase_OS_	OG13	1.0		
MetazoaArthropodaEP00090Calanusglacialis_697177__XDH_DROME_Xanthine_dehydrogenase_OS_	OG14	1.0		
MetazoaArthropodaEP00090Calanusglacialis_711440__AOXB_CAVPO_Aldehyde_oxidase_2_OS_	OG14	1.0		
MetazoaArthropodaEP00090Calanusglacialis_694497__XDH_CHICK_Xanthine_dehydrogenase_oxidase_OS_	OG14	1.0		
MetazoaArthropodaEP00090Calanusglacialis_684986__XDH_BOVIN_Xanthine_dehydrogenase_oxidase_OS_	OG14	1.0		
MetazoaArthropodaEP00090Calanusglacialis_706980__XDH_CHICK_Xanthine_dehydrogenase_oxidase_OS_	OG14	1.0		
MetazoaUrochordataOikopleuradioica_5356253__XDH_DROME_Xanthine_dehydrogenase_OS_	OG15	1.0		
MetazoaNematodaCaenorhabditiselegans_4311510__GAD3_CAEEL_Probable_aldehyde_oxidase_gad-3_OS_	OG15	1.0		
MetazoaNematodaCaenorhabditiselegans_4310229__XDH_DROME_Xanthine_dehydrogenase_OS_	OG15	1.0		
MetazoaBryozoaBugulaneritina_1305524__XDH_DROME_Xanthine_dehydrogenase_OS_	OG15	1.0		
MetazoaBryozoaBugulaneritina_2308495__XDH_DROSU_Xanthine_dehydrogenase_OS_	OG15	1.0		
MetazoaNematodaCaenorhabditiselegans_4321109__GAD3_CAEEL_Probable_aldehyde_oxidase_gad-3_OS_	OG15	1.0		
MetazoaPoriferaLeucosoleniacomplicata_5019735__XDH_CHICK_Xanthine_dehydrogenase_oxidase_OS_	OG15	1.0		
MetazoaPoriferaLeucosoleniacomplicata_5029574__XDH_DROME_Xanthine_dehydrogenase_OS_	OG15	1.0		
MetazoaUrochordataOikopleuradioica_5368637__XDH_DROSU_Xanthine_dehydrogenase_OS_	OG15	1.0		
MetazoaCnidariaMadracisauretenra_3286751__XDH_DROME_Xanthine_dehydrogenase_OS_	OG16	1.0		
MetazoaBryozoaBugulaneritina_1903165__XDH_CALVI_Xanthine_dehydrogenase_OS_	OG16	1.0		
MetazoaBryozoaBugulaneritina_1401819__XDH_FELCA_Xanthine_dehydrogenase_oxidase_OS_	OG16	1.0		
MetazoaBryozoaBugulaneritina_1688405__XDH_DROSU_Xanthine_dehydrogenase_OS_	OG16	1.0		
MetazoaBryozoaBugulaneritina_1712803__XDH_CALVI_Xanthine_dehydrogenase_OS_	OG16	1.0		
MetazoaBryozoaBugulaneritina_2585372__XDH_FELCA_Xanthine_dehydrogenase_oxidase_OS_	OG16	1.0		
MetazoaBryozoaBugulaneritina_1833918__XDH_CHICK_Xanthine_dehydrogenase_oxidase_OS_	OG16	1.0		
MetazoaBryozoaBugulaneritina_1394566__XDH1_ARATH_Xanthine_dehydrogenase_1_OS_	OG16	1.0		
MetazoaBryozoaBugulaneritina_2760501__XDH_CHICK_Xanthine_dehydrogenase_oxidase_OS_	OG16	1.0		
MetazoaBryozoaBugulaneritina_2639065__XDH_DROSU_Xanthine_dehydrogenase_OS_	OG16	1.0		
MetazoaBryozoaBugulaneritina_2103690__XDH_HUMAN_Xanthine_dehydrogenase_oxidase_OS_	OG16	1.0		
MetazoaCnidariaMontastraeacavernosa_3341101__AOXB_MACFA_Aldehyde_oxidase_2_OS_	OG16	1.0		
MetazoaAnnelidaEP00103Capitellateleta_71027__XDH_CHICK_Xanthine_dehydrogenase_oxidase_OS_	OG17	1.0		
MetazoaAnnelidaHelobdellarobusta_86313__XDH_CHICK_Xanthine_dehydrogenase_oxidase_OS_	OG17	1.0		
MetazoaAnnelidaHelobdellarobusta_106480__XDH_CHICK_Xanthine_dehydrogenase_oxidase_OS_	OG17	1.0		
MetazoaAnnelidaEP00103Capitellateleta_71971__XDH_CHICK_Xanthine_dehydrogenase_oxidase_OS_	OG17	1.0		
MetazoaUrochordataEP00059Cionaintestinalis_5342474__XDH_CHICK_Xanthine_dehydrogenase_oxidase_OS_	OG18	1.0		
MetazoaPoriferaSyconciliatum_5122533__XDH_CHICK_Xanthine_dehydrogenase_oxidase_OS_	OG18	1.0		
MetazoaPoriferaSyconciliatum_5139407__XDH_CHICK_Xanthine_dehydrogenase_oxidase_OS_	OG18	1.0		
FungiFusariumoxysporumUP000002489_13362804__XDH_EMENI_Xanthine_dehydrogenase_OS_	OG18	1.0		
MetazoaPoriferaLeucosoleniacomplicata_5034257__XDH_CHICK_Xanthine_dehydrogenase_oxidase_OS_	OG18	1.0		
BreviataEP00033Pygsuiabiforma_5536529__AOXA_HUMAN_Aldehyde_oxidase_OS_	OG18	1.0		
MetazoaPoriferaHaliclonatubifera_4958559__XDH_CHICK_Xanthine_dehydrogenase_oxidase_OS_	OG18	1.0		
BreviataEP00033Pygsuiabiforma_5529074__XDH_DICDI_Xanthine_dehydrogenase_OS_	OG18	1.0		
MetazoaBrachiopodaLingulaunguis_1291571__XDH_CHICK_Xanthine_dehydrogenase_oxidase_OS_	OG18	1.0		
MetazoaCnidariaStylophorapistillata_3680544__XDH_FELCA_Xanthine_dehydrogenase_oxidase_OS_	OG18	1.0		
MetazoaHemichordataSaccoglossuskowalevskii_4068685__XDH_CHICK_Xanthine_dehydrogenase_oxidase_OS_	OG18	1.0		
MetazoaCephalochordataBranchiostomabelcheri_2799265__XDH_CHICK_Xanthine_dehydrogenase_oxidase_OS_	OG18	1.0		
MalawimonadidaeEP00698Gefionellaokellyi_14704124__XDH_BOVIN_Xanthine_dehydrogenase_oxidase_OS_	OG18	1.0		
MetazoaVertebrateMusmusculus_6534822__XDH_MOUSE_Xanthine_dehydrogenase_oxidase_OS_	OG18	1.0		
MetazoaCnidariaAnthopleuraelegantissima_3005268__XDH_DROPS_Xanthine_dehydrogenase_OS_	OG18	1.0		
MetazoaPlacozoaHoilungiahongkongensis_4567270__XDH_DROME_Xanthine_dehydrogenase_OS_	OG18	1.0		
MetazoaPoriferaEphydatiamuelleri_4930563__XDH_CHICK_Xanthine_dehydrogenase_oxidase_OS_	OG18	1.0		
MetazoaPlacozoaHoilungiahongkongensis_4522437__XDH_DICDI_Xanthine_dehydrogenase_OS_	OG18	1.0		
MetazoaPoriferaSyconciliatum_5109030__XDH_CHICK_Xanthine_dehydrogenase_oxidase_OS_	OG18	1.0		
MetazoaBrachiopodaLingulaunguis_1304130__XDH_MOUSE_Xanthine_dehydrogenase_oxidase_OS_	OG18	1.0		
IchthyosporeaEP00126Sphaerothecumdestruens_14608512__XDH_CHICK_Xanthine_dehydrogenase_oxidase_OS_	OG18	1.0		
MetazoaArthropodaDrosophilamelanogaster_243202__XDH_DROME_Xanthine_dehydrogenase_OS_	OG18	1.0		
MetazoaPlacozoaEP00114TrichoplaxspH2_4512500__XDH_CHICK_Xanthine_dehydrogenase_oxidase_OS_	OG18	1.0		
MetazoaPoriferaSyconciliatum_5108493__XDH_CHICK_Xanthine_dehydrogenase_oxidase_OS_	OG18	1.0		
ChoanoflagellataEP00035Acanthoecaspectabilis_10746163__XDH_DROSU_Xanthine_dehydrogenase_OS_	OG18	1.0		
MetazoaCnidariaAnthopleuraelegantissima_3005265__XDH_CHICK_Xanthine_dehydrogenase_oxidase_OS_	OG18	1.0		
RhodelphisEP00736Rhodelphismarinus_22806043__XDH_ORYSJ_Xanthine_dehydrogenase_OS_	OG18	1.0		
MetazoaPlacozoaHoilungiahongkongensis_4543170__XDH_FELCA_Xanthine_dehydrogenase_oxidase_OS_	OG18	1.0		
MetazoaArthropodaEP00090Calanusglacialis_694685__XDH_DROPS_Xanthine_dehydrogenase_OS_	OG18	1.0		
MetazoaCnidariaFungiascutaria_3198680__XDH_CHICK_Xanthine_dehydrogenase_oxidase_OS_	OG18	1.0		
IchthyosporeaEP00123Amoebidiumparasiticum_14571151__XDH_CHICK_Xanthine_dehydrogenase_oxidase_OS_	OG18	1.0		
MetazoaBrachiopodaLingulaunguis_1280979__XDH_CHICK_Xanthine_dehydrogenase_oxidase_OS_	OG18	1.0		
MetazoaVertebrateEptatretusburgeri_6404541__XDH_DROPS_Xanthine_dehydrogenase_OS_	OG18	1.0		
MetazoaCnidariaMontastraeacavernosa_3342246__XDH_CHICK_Xanthine_dehydrogenase_oxidase_OS_	OG18	1.0		
MetazoaPlacozoaHoilungiahongkongensis_4564740__XDH_CHICK_Xanthine_dehydrogenase_oxidase_OS_	OG18	1.0		
MetazoaCnidariaAstreoporasp_3035854__XDH_CHICK_Xanthine_dehydrogenase_oxidase_OS_	OG18	1.0		
MetazoaCephalochordataBranchiostomabelcheri_2802929__XDH_CHICK_Xanthine_dehydrogenase_oxidase_OS_	OG18	1.0		
MetazoaCnidariaAnthopleuraelegantissima_3003292__XDH1_ARATH_Xanthine_dehydrogenase_1_OS_	OG18	1.0		
MetazoaPoriferaSyconciliatum_5145471__XDH_FELCA_Xanthine_dehydrogenase_oxidase_OS_	OG18	1.0		
MetazoaEchinodermataEP00057Strongylocentrotuspurpuratus_3810528__XDH_CHICK_Xanthine_dehydrogenase_oxidase_OS_	OG18	1.0		
CentroplasthelidaEP00300ChoanocystisspHF7_5612748__XDH_ORYSJ_Xanthine_dehydrogenase_OS_	OG18	1.0		
MetazoaPoriferaStylissacarteri_5077948__XDH_MOUSE_Xanthine_dehydrogenase_oxidase_OS_	OG18	1.0		
MetazoaPlacozoaHoilungiahongkongensis_4543182__XDH_CHICK_Xanthine_dehydrogenase_oxidase_OS_	OG18	1.0		
MetazoaPoriferaLeucosoleniacomplicata_5017632__XDH_DROME_Xanthine_dehydrogenase_OS_	OG18	1.0		
MetazoaPoriferaSyconciliatum_5146365__XDH_CHICK_Xanthine_dehydrogenase_oxidase_OS_	OG18	1.0		
MetazoaPoriferaSyconciliatum_5120708__XDH_CHICK_Xanthine_dehydrogenase_oxidase_OS_	OG18	1.0		
MetazoaPoriferaHaliclonatubifera_4956745__XDH_CHICK_Xanthine_dehydrogenase_oxidase_OS_	OG18	1.0		
MetazoaBryozoaBugulaneritina_2639558__XDH_RAT_Xanthine_dehydrogenase_oxidase_OS_	OG18	1.0		
HaptophytaEP00319Phaeocystisglobosa_14062895__XDH_ORYSJ_Xanthine_dehydrogenase_OS_	OG18	1.0		
MetazoaEchinodermataEP00057Strongylocentrotuspurpuratus_3813041__XDH_CHICK_Xanthine_dehydrogenase_oxidase_OS_	OG18	1.0		
MetazoaPlacozoaHoilungiahongkongensis_4546117__AOXA_HUMAN_Aldehyde_oxidase_OS_	OG18	1.0		
MetazoaPlacozoaHoilungiahongkongensis_4574892__XDH_CHICK_Xanthine_dehydrogenase_oxidase_OS_	OG18	1.0		
MetazoaPoriferaSyconciliatum_5131871__XDH_CHICK_Xanthine_dehydrogenase_oxidase_OS_	OG18	1.0		
MetazoaPoriferaHaliclonatubifera_4951730__XDH_DROPS_Xanthine_dehydrogenase_OS_	OG18	1.0		
MetazoaPoriferaAmphimedonqueenslandica_4676751__XDH_CALVI_Xanthine_dehydrogenase_OS_	OG18	1.0		
ChoanoflagellataEP00050Salpingoecakvevrii_11207866__XDH_CHICK_Xanthine_dehydrogenase_oxidase_OS_	OG18	1.0		
MetazoaBrachiopodaLingulaunguis_1290147__XDH_CHICK_Xanthine_dehydrogenase_oxidase_OS_	OG18	1.0		
MetazoaPoriferaLeucosoleniacomplicata_5001999__XDH_CHICK_Xanthine_dehydrogenase_oxidase_OS_	OG18	1.0		
MetazoaPoriferaSyconciliatum_5103788__XDH_CHICK_Xanthine_dehydrogenase_oxidase_OS_	OG18	1.0		
MetazoaCephalochordataBranchiostomabelcheri_2802928__XDH_CHICK_Xanthine_dehydrogenase_oxidase_OS_	OG18	1.0		
MetazoaCnidariaMadracisauretenra_3286028__XDH_CHICK_Xanthine_dehydrogenase_oxidase_OS_	OG18	1.0		
MetazoaPlacozoaHoilungiahongkongensis_4522435__XDH_CHICK_Xanthine_dehydrogenase_oxidase_OS_	OG18	1.0		
MetazoaCnidariaNematostellavectensis_3390999__XDH_CHICK_Xanthine_dehydrogenase_oxidase_OS_	OG18	1.0		
MetazoaPoriferaStylissacarteri_5078249__XDH_DROME_Xanthine_dehydrogenase_OS_	OG18	1.0		
MetazoaCnidariaAureliaGenome_3065500__XDH_CHICK_Xanthine_dehydrogenase_oxidase_OS_	OG18	1.0		
MetazoaCnidariaAcroporadigitifera_2928094__XDH_CALVI_Xanthine_dehydrogenase_OS_	OG18	1.0		
HaptophytaEP00319Phaeocystisglobosa_14065297__XDH_DICDI_Xanthine_dehydrogenase_OS_	OG18	1.0		
MetazoaPoriferaStylissacarteri_5078247__XDH_HUMAN_Xanthine_dehydrogenase_oxidase_OS_	OG18	1.0		
MetazoaPoriferaAmphimedonqueenslandica_4706207__XDH_CHICK_Xanthine_dehydrogenase_oxidase_OS_	OG18	1.0		
MetazoaPlacozoaHoilungiahongkongensis_4522441__AOXA_MOUSE_Aldehyde_oxidase_1_OS_	OG18	1.0		
MetazoaCnidariaNematostellavectensis_3390039__XDH_CHICK_Xanthine_dehydrogenase_oxidase_OS_	OG18	1.0		
MetazoaPoriferaSyconciliatum_5123412__XDH_CHICK_Xanthine_dehydrogenase_oxidase_OS_	OG18	1.0		
MetazoaPoriferaSyconciliatum_5102573__XDH_CHICK_Xanthine_dehydrogenase_oxidase_OS_	OG18	1.0		
MetazoaPoriferaSyconciliatum_5140340__XDH_CHICK_Xanthine_dehydrogenase_oxidase_OS_	OG18	1.0		
MetazoaPoriferaSyconciliatum_5122857__XDH_CHICK_Xanthine_dehydrogenase_oxidase_OS_	OG18	1.0		
AmoebozoaDictyosteliumdiscoideumUP000002195_4926538__XDH_DICDI_Xanthine_dehydrogenase_OS_	OG18	1.0		
MetazoaPoriferaSyconciliatum_5129192__XDH_DROME_Xanthine_dehydrogenase_OS_	OG18	1.0		
MetazoaCnidariaAnthopleuraelegantissima_3005267__XDH_DROME_Xanthine_dehydrogenase_OS_	OG18	1.0		
MetazoaBryozoaBugulaneritina_1847046__XDH_CHICK_Xanthine_dehydrogenase_oxidase_OS_	OG18	1.0		
FungiFusariumoxysporumUP000002489_13365322__HXNS_EMENI_Nicotinate_hydroxylase_hnxS_OS_	OG18	1.0		
HaptophytaEP00327Prymnesiumparvum_14299081__XDH1_ARATH_Xanthine_dehydrogenase_1_OS_	OG18	1.0		
MetazoaPlacozoaHoilungiahongkongensis_4552329__XDH_BOVIN_Xanthine_dehydrogenase_oxidase_OS_	OG18	1.0		
MetazoaPoriferaHaliclonatubifera_4956744__XDH_CHICK_Xanthine_dehydrogenase_oxidase_OS_	OG18	1.0		
ChloroplastidaEP00248Marchantiapolymorpha_7477283__XDH1_ARATH_Xanthine_dehydrogenase_1_OS_	OG18	1.0		
CentroplasthelidaEP00300ChoanocystisspHF7_5609594__XDH_ORYSJ_Xanthine_dehydrogenase_OS_	OG18	1.0		
MetazoaBryozoaBugulaneritina_2098316__XDH_DROME_Xanthine_dehydrogenase_OS_	OG18	1.0		
MetazoaEchinodermataAcanthasterplanci_3789971__XDH_CHICK_Xanthine_dehydrogenase_oxidase_OS_	OG18	1.0		
ChloroplastidaArabidopsisthalianaUP000006548_5868668__XDH2_ARATH_Xanthine_dehydrogenase_2_OS_	OG18	1.0		
MetazoaEchinodermataAcanthasterplanci_3782047__XDH_CHICK_Xanthine_dehydrogenase_oxidase_OS_	OG18	1.0		
ChoanoflagellataEP00039Didymoecacostata_10878228__XDH_BOVIN_Xanthine_dehydrogenase_oxidase_OS_	OG18	1.0		
ChoanoflagellataEP00040Diaphanoecagrandis_10905351__XDH_CHICK_Xanthine_dehydrogenase_oxidase_OS_	OG18	1.0		
MetazoaCephalochordataBranchiostomabelcheri_2818717__XDH_CHICK_Xanthine_dehydrogenase_oxidase_OS_	OG18	1.0		
GlaucophytaEP00276Gloeochaetewittrockiana_13484661__XDH_ORYSJ_Xanthine_dehydrogenase_OS_	OG18	1.0		
MetazoaCnidariaAstreoporasp_3029642__XDH_CHICK_Xanthine_dehydrogenase_oxidase_OS_	OG18	1.0		
MetazoaPoriferaSyconciliatum_5148393__XDH_CHICK_Xanthine_dehydrogenase_oxidase_OS_	OG18	1.0		
MetazoaPoriferaSyconciliatum_5117674__XDH_CHICK_Xanthine_dehydrogenase_oxidase_OS_	OG18	1.0		
MetazoaEchinodermataAcanthasterplanci_3784998__XDH_FELCA_Xanthine_dehydrogenase_oxidase_OS_	OG18	1.0		
MetazoaPoriferaSyconciliatum_5145157__XDH_DROME_Xanthine_dehydrogenase_OS_	OG18	1.0		
MetazoaPlacozoaHoilungiahongkongensis_4522448__XDH_BOVIN_Xanthine_dehydrogenase_oxidase_OS_	OG18	1.0		
HaptophytaEP00327Prymnesiumparvum_14278535__XDH1_ARATH_Xanthine_dehydrogenase_1_OS_	OG18	1.0		
MetazoaCnidariaAcroporadigitifera_2926996__XDH_CHICK_Xanthine_dehydrogenase_oxidase_OS_	OG18	1.0		
MetazoaPlacozoaHoilungiahongkongensis_4522447__XDH_CHICK_Xanthine_dehydrogenase_oxidase_OS_	OG18	1.0		
MetazoaPoriferaSyconciliatum_5124641__XDH_CHICK_Xanthine_dehydrogenase_oxidase_OS_	OG18	1.0		
MetazoaPoriferaSyconciliatum_5134048__XDH_CHICK_Xanthine_dehydrogenase_oxidase_OS_	OG18	1.0		
MetazoaCnidariaFungiascutaria_3204747__XDH_FELCA_Xanthine_dehydrogenase_oxidase_OS_	OG18	1.0		
MetazoaPoriferaSyconciliatum_5112122__XDH_CHICK_Xanthine_dehydrogenase_oxidase_OS_	OG18	1.0		
MetazoaPlacozoaEP00114TrichoplaxspH2_4513106__XDH_CHICK_Xanthine_dehydrogenase_oxidase_OS_	OG18	1.0		
MetazoaPoriferaSyconciliatum_5129063__XDH_CHICK_Xanthine_dehydrogenase_oxidase_OS_	OG18	1.0		
ChoanoflagellataEP00045Choanoecaperplexa_11093621__XDH_DROPS_Xanthine_dehydrogenase_OS_	OG18	1.0		
MetazoaPoriferaSyconciliatum_5138187__XDH_CHICK_Xanthine_dehydrogenase_oxidase_OS_	OG18	1.0		
MetazoaCnidariaStylophorapistillata_3680237__XDH_CHICK_Xanthine_dehydrogenase_oxidase_OS_	OG18	1.0		
MetazoaPlacozoaEP00114TrichoplaxspH2_4504412__XDH_CHICK_Xanthine_dehydrogenase_oxidase_OS_	OG18	1.0		
MetazoaPlacozoaHoilungiahongkongensis_4528267__XDH_CALVI_Xanthine_dehydrogenase_OS_	OG18	1.0		
CentroplasthelidaEP00300ChoanocystisspHF7_5620447__XDH_DROPS_Xanthine_dehydrogenase_OS_	OG18	1.0		
MetazoaCnidariaAureliaGenome_3065498__XDH_DROME_Xanthine_dehydrogenase_OS_	OG18	1.0		
MetazoaPoriferaSyconciliatum_5145306__XDH_CHICK_Xanthine_dehydrogenase_oxidase_OS_	OG18	1.0		
MetazoaCnidariaAstreoporasp_3037233__XDH_CHICK_Xanthine_dehydrogenase_oxidase_OS_	OG18	1.0		
MetazoaPlacozoaHoilungiahongkongensis_4522444__AOXC_MOUSE_Aldehyde_oxidase_3_OS_	OG18	1.0		
FungiEP00150Ustilagomaydis_13254205__XDH_EMENI_Xanthine_dehydrogenase_OS_	OG18	1.0		
MetazoaPlacozoaHoilungiahongkongensis_4543179__XDH_CHICK_Xanthine_dehydrogenase_oxidase_OS_	OG18	1.0		
MetazoaPlacozoaHoilungiahongkongensis_4522446__XDH_BOVIN_Xanthine_dehydrogenase_oxidase_OS_	OG18	1.0		
MetazoaPoriferaHaliclonatubifera_4957858__XDH_DROME_Xanthine_dehydrogenase_OS_	OG18	1.0		
MetazoaCnidariaAureliaGenome_3065497__XDH_CHICK_Xanthine_dehydrogenase_oxidase_OS_	OG18	1.0		
MetazoaPlacozoaHoilungiahongkongensis_4574135__XDH_CHICK_Xanthine_dehydrogenase_oxidase_OS_	OG18	1.0		
ChoanoflagellataEP00047Mylnosigafluctuans_11124722__XDH_CHICK_Xanthine_dehydrogenase_oxidase_OS_	OG18	1.0		
ChloroplastidaArabidopsisthalianaUP000006548_5876638__XDH1_ARATH_Xanthine_dehydrogenase_1_OS_	OG18	1.0		
MetazoaAnnelidaEP00103Capitellateleta_83280__XDH_CHICK_Xanthine_dehydrogenase_oxidase_OS_	OG18	1.0		
MetazoaPlacozoaHoilungiahongkongensis_4543172__AOXB_MACFA_Aldehyde_oxidase_2_OS_	OG18	1.0		
RhodelphisEP00736Rhodelphismarinus_22806044__XDH_DICDI_Xanthine_dehydrogenase_OS_	OG18	1.0		
MetazoaAnnelidaEP00103Capitellateleta_83813__XDH_CHICK_Xanthine_dehydrogenase_oxidase_OS_	OG18	1.0		
MetazoaPoriferaSyconciliatum_5115502__XDH_CHICK_Xanthine_dehydrogenase_oxidase_OS_	OG18	1.0		
MetazoaPoriferaLeucosoleniacomplicata_5015010__XDH_CHICK_Xanthine_dehydrogenase_oxidase_OS_	OG18	1.0		
MetazoaCephalochordataBranchiostomabelcheri_2818713__XDH_CHICK_Xanthine_dehydrogenase_oxidase_OS_	OG18	1.0		
BreviataEP00033Pygsuiabiforma_5528439__XDH_DICDI_Xanthine_dehydrogenase_OS_	OG18	1.0		
MetazoaPoriferaSyconciliatum_5142229__XDH_CHICK_Xanthine_dehydrogenase_oxidase_OS_	OG18	1.0		
AmoebozoaEP00007CuneaspBSH02190019_4975378__XDH_DICDI_Xanthine_dehydrogenase_OS_	OG18	1.0		
MetazoaPlacozoaHoilungiahongkongensis_4574891__XDH_CHICK_Xanthine_dehydrogenase_oxidase_OS_	OG18	1.0		
MetazoaCnidariaAureliaGenome_3052532__XDH_DROME_Xanthine_dehydrogenase_OS_	OG18	1.0		
MetazoaCnidariaPoritesaustraliensis_3548784__XDH_CHICK_Xanthine_dehydrogenase_oxidase_OS_	OG18	1.0		
MetazoaBrachiopodaLingulaunguis_1282531__XDH_CHICK_Xanthine_dehydrogenase_oxidase_OS_	OG18	1.0		
ChoanoflagellataEP00039Didymoecacostata_10853684__XDH1_ARATH_Xanthine_dehydrogenase_1_OS_	OG18	1.0		
ChoanoflagellataEP00037Helgoecanana_10815752__XDH_HUMAN_Xanthine_dehydrogenase_oxidase_OS_	OG18	1.0		
MetazoaPoriferaAmphimedonqueenslandica_4710508__XDH_CHICK_Xanthine_dehydrogenase_oxidase_OS_	OG18	1.0		
MetazoaCnidariaAureliaGenome_3054913__XDH_DROME_Xanthine_dehydrogenase_OS_	OG18	1.0		
MetazoaBrachiopodaLingulaunguis_1281497__XDH_FELCA_Xanthine_dehydrogenase_oxidase_OS_	OG18	1.0		
MetazoaPlacozoaHoilungiahongkongensis_4543180__XDH_CHICK_Xanthine_dehydrogenase_oxidase_OS_	OG18	1.0		
MetazoaPlacozoaHoilungiahongkongensis_4543171__XDH_DROME_Xanthine_dehydrogenase_OS_	OG18	1.0		
MetazoaBrachiopodaLingulaunguis_1292774__XDH_CHICK_Xanthine_dehydrogenase_oxidase_OS_	OG18	1.0		
MetazoaPoriferaHaliclonatubifera_4956171__XDH_MOUSE_Xanthine_dehydrogenase_oxidase_OS_	OG18	1.0		
MetazoaBrachiopodaLingulaunguis_1283314__XDH_BOVIN_Xanthine_dehydrogenase_oxidase_OS_	OG18	1.0		
MetazoaPoriferaSyconciliatum_5103030__XDH_CHICK_Xanthine_dehydrogenase_oxidase_OS_	OG18	1.0		
MetazoaPlacozoaHoilungiahongkongensis_4543184__XDH_FELCA_Xanthine_dehydrogenase_oxidase_OS_	OG18	1.0		
MetazoaPoriferaSyconciliatum_5118815__XDH_CHICK_Xanthine_dehydrogenase_oxidase_OS_	OG18	1.0		
IchthyosporeaEP00126Sphaerothecumdestruens_14608513__XDH_DROSU_Xanthine_dehydrogenase_OS_	OG18	1.0		
MetazoaArthropodaEP00090Calanusglacialis_694686__XDH_DROPS_Xanthine_dehydrogenase_OS_	OG18	1.0		
MetazoaPoriferaSyconciliatum_5133897__XDH_CHICK_Xanthine_dehydrogenase_oxidase_OS_	OG18	1.0		
MetazoaEchinodermataAcanthasterplanci_3785003__XDH_CHICK_Xanthine_dehydrogenase_oxidase_OS_	OG18	1.0		
MetazoaCnidariaMontastraeacavernosa_3342245__XDH_CHICK_Xanthine_dehydrogenase_oxidase_OS_	OG18	1.0		
MetazoaPoriferaHaliclonatubifera_4954882__XDH_HUMAN_Xanthine_dehydrogenase_oxidase_OS_	OG18	1.0		
MetazoaPoriferaSyconciliatum_5143188__XDH_CHICK_Xanthine_dehydrogenase_oxidase_OS_	OG18	1.0		
MetazoaPoriferaStylissacarteri_5078246__XDH_DROSU_Xanthine_dehydrogenase_OS_	OG18	1.0		
MetazoaPoriferaSyconciliatum_5109792__XDH_CHICK_Xanthine_dehydrogenase_oxidase_OS_	OG18	1.0		
MetazoaPlacozoaEP00114TrichoplaxspH2_4504067__XDH_CHICK_Xanthine_dehydrogenase_oxidase_OS_	OG18	1.0		
AlveolataEP00742ColponemidiaspColp10_4275389__XDH_ORYSJ_Xanthine_dehydrogenase_OS_	OG18	1.0		
TelonemiaP00656Telonemasubtile_26558624__XDH_RAT_Xanthine_dehydrogenase_oxidase_OS_	OG18	1.0		
MetazoaAnnelidaEP00103Capitellateleta_79564__XDH_CHICK_Xanthine_dehydrogenase_oxidase_OS_	OG18	1.0		
CentroplasthelidaEP00300ChoanocystisspHF7_5609592__XDH1_ARATH_Xanthine_dehydrogenase_1_OS_	OG18	1.0		
MetazoaPoriferaSyconciliatum_5125292__XDH_CHICK_Xanthine_dehydrogenase_oxidase_OS_	OG18	1.0		
ChloroplastidaEP00738Chloropiconprimus_8599569__XDH_ORYSJ_Xanthine_dehydrogenase_OS_	OG18	1.0		
MetazoaPoriferaStylissacarteri_5078248__XDH_CHICK_Xanthine_dehydrogenase_oxidase_OS_	OG18	1.0		
MetazoaCnidariaAureliaGenome_3048941__XDH_CHICK_Xanthine_dehydrogenase_oxidase_OS_	OG18	1.0		
ApusomonadidaThecamonastrahensUP000054408_5484754__XDH_DICDI_Xanthine_dehydrogenase_OS_	OG18	1.0		
MetazoaCnidariaStylophorapistillata_3679240__XDH_HUMAN_Xanthine_dehydrogenase_oxidase_OS_	OG18	1.0		
MetazoaPoriferaSyconciliatum_5138480__XDH_CHICK_Xanthine_dehydrogenase_oxidase_OS_	OG18	1.0		
IchthyosporeaEP00126Sphaerothecumdestruens_14608276__XDH_HUMAN_Xanthine_dehydrogenase_oxidase_OS_	OG18	1.0		
MetazoaPoriferaLeucosoleniacomplicata_5014549__XDH_CHICK_Xanthine_dehydrogenase_oxidase_OS_	OG18	1.0		
MetazoaCnidariaFungiascutaria_3190924__XDH_CHICK_Xanthine_dehydrogenase_oxidase_OS_	OG18	1.0		
MetazoaPoriferaSyconciliatum_5128810__XDH_FELCA_Xanthine_dehydrogenase_oxidase_OS_	OG18	1.0		
MetazoaPlacozoaHoilungiahongkongensis_4552328__XDH_CHICK_Xanthine_dehydrogenase_oxidase_OS_	OG18	1.0		
MetazoaCnidariaAureliaGenome_3052531__XDH_DROPS_Xanthine_dehydrogenase_OS_	OG18	1.0		
MetazoaCnidariaFungiascutaria_3206845__XDH_DROSU_Xanthine_dehydrogenase_OS_	OG18	1.0		
MetazoaPoriferaHaliclonatubifera_4959058__XDH_DROPS_Xanthine_dehydrogenase_OS_	OG18	1.0		
RhodophytaEP00185Porphyridiumpurpureum_23047616__XDH_ORYSJ_Xanthine_dehydrogenase_OS_	OG18	1.0		
MetazoaBrachiopodaLingulaunguis_1303966__XDH_CHICK_Xanthine_dehydrogenase_oxidase_OS_	OG18	1.0		
MetazoaEchinodermataAcanthasterplanci_3789964__XDH_CHICK_Xanthine_dehydrogenase_oxidase_OS_	OG18	1.0		
GlaucophytaEP00276Gloeochaetewittrockiana_13496209__XDH_CHICK_Xanthine_dehydrogenase_oxidase_OS_	OG18	1.0		
MetazoaPoriferaSyconciliatum_5130575__XDH_CHICK_Xanthine_dehydrogenase_oxidase_OS_	OG18	1.0		
MetazoaPoriferaSyconciliatum_5144929__XDH_CHICK_Xanthine_dehydrogenase_oxidase_OS_	OG18	1.0		
MetazoaPlacozoaHoilungiahongkongensis_4574144__XDH_CHICK_Xanthine_dehydrogenase_oxidase_OS_	OG18	1.0		
MetazoaPlacozoaEP00114TrichoplaxspH2_4504278__XDH_DROSU_Xanthine_dehydrogenase_OS_	OG18	1.0		
MetazoaCnidariaAureliaGenome_3054525__XDH_CHICK_Xanthine_dehydrogenase_oxidase_OS_	OG18	1.0		
RhodophytaGaldieriasulphurariaUP000030680_23112863__XDH1_ARATH_Xanthine_dehydrogenase_1_OS_	OG18	1.0		
MetazoaCnidariaAureliaGenome_3069115__XDH_CHICK_Xanthine_dehydrogenase_oxidase_OS_	OG18	1.0		
ChoanoflagellataEP00037Helgoecanana_10796433__XDH_DROPS_Xanthine_dehydrogenase_OS_	OG18	1.0		
CryptophyceaeGuillardiathetaUP000011087_12255375__XDH_DICDI_Xanthine_dehydrogenase_OS_	OG18	1.0		
MetazoaPoriferaSyconciliatum_5134894__XDH_CHICK_Xanthine_dehydrogenase_oxidase_OS_	OG18	1.0		
MetazoaCnidariaAnthopleuraelegantissima_3005266__XDH_CHICK_Xanthine_dehydrogenase_oxidase_OS_	OG18	1.0		
MetazoaVertebrateDaniorerio_5415369__XDH_CHICK_Xanthine_dehydrogenase_oxidase_OS_	OG18	1.0		
MetazoaCnidariaAureliaGenome_3065499__XDH_RAT_Xanthine_dehydrogenase_oxidase_OS_	OG18	1.0		
MetazoaCephalochordataBranchiostomabelcheri_2818735__XDH_CHICK_Xanthine_dehydrogenase_oxidase_OS_	OG18	1.0		
MetazoaPoriferaSyconciliatum_5132763__XDH_FELCA_Xanthine_dehydrogenase_oxidase_OS_	OG18	1.0		
MetazoaCephalochordataBranchiostomabelcheri_2818712__XDH_CHICK_Xanthine_dehydrogenase_oxidase_OS_	OG18	1.0		
MetazoaPlacozoaHoilungiahongkongensis_4574137__XDH_FELCA_Xanthine_dehydrogenase_oxidase_OS_	OG18	1.0		
MetazoaCnidariaAureliaGenome_3070242__XDH_DROSU_Xanthine_dehydrogenase_OS_	OG18	1.0		
MetazoaBrachiopodaLingulaunguis_1298116__XDH_CHICK_Xanthine_dehydrogenase_oxidase_OS_	OG18	1.0		
ChoanoflagellataEP00037Helgoecanana_10796436__AOXB_MOUSE_Aldehyde_oxidase_2_OS_	OG18	1.0		
MetazoaAnnelidaEP00103Capitellateleta_77349__XDH_CHICK_Xanthine_dehydrogenase_oxidase_OS_	OG18	1.0		
MetazoaPlacozoaHoilungiahongkongensis_4522433__AOXA_MOUSE_Aldehyde_oxidase_1_OS_	OG18	1.0		
BreviataEP00033Pygsuiabiforma_5535656__XDH_FELCA_Xanthine_dehydrogenase_oxidase_OS_	OG18	1.0		
MetazoaPlacozoaHoilungiahongkongensis_4543174__XDH_FELCA_Xanthine_dehydrogenase_oxidase_OS_	OG18	1.0		
MetazoaPoriferaLeucosoleniacomplicata_4969974__XDH_CHICK_Xanthine_dehydrogenase_oxidase_OS_	OG18	1.0		
MetazoaPlacozoaHoilungiahongkongensis_4574142__XDH_CHICK_Xanthine_dehydrogenase_oxidase_OS_	OG18	1.0		
MetazoaCnidariaGorgoniaventalina_3214886__AOXD_RAT_Aldehyde_oxidase_4_OS_	OG18	1.0		
MetazoaPlacozoaHoilungiahongkongensis_4522436__XDH_BOVIN_Xanthine_dehydrogenase_oxidase_OS_	OG18	1.0		
TelonemiaP00656Telonemasubtile_26518420__XDH_ORYSJ_Xanthine_dehydrogenase_OS_	OG18	1.0		
FilastreaCapsasporaowczarzakiUP000008743_12982140__XDH_CHICK_Xanthine_dehydrogenase_oxidase_OS_	OG18	1.0		
MetazoaPlacozoaEP00114TrichoplaxspH2_4513105__XDH_CHICK_Xanthine_dehydrogenase_oxidase_OS_	OG18	1.0		
MetazoaEchinodermataEP00057Strongylocentrotuspurpuratus_3816591__XDH_CHICK_Xanthine_dehydrogenase_oxidase_OS_	OG18	1.0		
TelonemiaP00656Telonemasubtile_26543356__XDH_DICDI_Xanthine_dehydrogenase_OS_	OG18	1.0		
MetazoaPlacozoaHoilungiahongkongensis_4522439__XDH_BOVIN_Xanthine_dehydrogenase_oxidase_OS_	OG18	1.0		
MetazoaPlacozoaEP00114TrichoplaxspH2_4513108__XDH_CHICK_Xanthine_dehydrogenase_oxidase_OS_	OG18	1.0		
MetazoaPlacozoaHoilungiahongkongensis_4543183__XDH_CHICK_Xanthine_dehydrogenase_oxidase_OS_	OG18	1.0		
AmoebozoaEP00029Vermamoebavermiformis_5280559__XDH_DICDI_Xanthine_dehydrogenase_OS_	OG18	1.0		
FungiMortierellaelongataUP000078512_13383811__XDH_EMENI_Xanthine_dehydrogenase_OS_	OG18	1.0		
MetazoaCnidariaFungiascutaria_3189186__XDH_FELCA_Xanthine_dehydrogenase_oxidase_OS_	OG18	1.0		
MetazoaArthropodaDaphniapulex_216407__XDH_DROPS_Xanthine_dehydrogenase_OS_	OG18	1.0		
MetazoaPlacozoaHoilungiahongkongensis_4522449__XDH_CHICK_Xanthine_dehydrogenase_oxidase_OS_	OG18	1.0		
MetazoaCnidariaNematostellavectensis_3389413__XDH_CHICK_Xanthine_dehydrogenase_oxidase_OS_	OG18	1.0		
MetazoaEchinodermataAcanthasterplanci_3784972__XDH_CHICK_Xanthine_dehydrogenase_oxidase_OS_	OG18	1.0		
MetazoaBrachiopodaLingulaunguis_1303971__XDH_CHICK_Xanthine_dehydrogenase_oxidase_OS_	OG18	1.0		
CryptophyceaeEP00290BaffinellaspCCMP2293_12037386__XDH_DICDI_Xanthine_dehydrogenase_OS_	OG18	1.0		
MetazoaPlacozoaHoilungiahongkongensis_4522440__XDH_DROME_Xanthine_dehydrogenase_OS_	OG18	1.0		
MetazoaEchinodermataAcanthasterplanci_3784962__XDH_CHICK_Xanthine_dehydrogenase_oxidase_OS_	OG18	1.0		
MetazoaPoriferaHaliclonatubifera_4964560__XDH_DROME_Xanthine_dehydrogenase_OS_	OG18	1.0		
TelonemiaP00656Telonemasubtile_26518506__XDH_CHICK_Xanthine_dehydrogenase_oxidase_OS_	OG18	1.0		
MetazoaPoriferaSyconciliatum_5148142__XDH_CHICK_Xanthine_dehydrogenase_oxidase_OS_	OG18	1.0		
MetazoaPlacozoaHoilungiahongkongensis_4546118__XDH_HUMAN_Xanthine_dehydrogenase_oxidase_OS_	OG18	1.0		
MetazoaPoriferaHaliclonatubifera_4956535__XDH_CHICK_Xanthine_dehydrogenase_oxidase_OS_	OG18	1.0		
MetazoaPoriferaSyconciliatum_5122172__XDH_FELCA_Xanthine_dehydrogenase_oxidase_OS_	OG18	1.0		
ChloroplastidaEP00248Marchantiapolymorpha_7476499__XDH1_ARATH_Xanthine_dehydrogenase_1_OS_	OG18	1.0		
ChoanoflagellataEP00035Acanthoecaspectabilis_10753053__XDH_HUMAN_Xanthine_dehydrogenase_oxidase_OS_	OG18	1.0		
MetazoaCephalochordataBranchiostomabelcheri_2799279__XDH_CHICK_Xanthine_dehydrogenase_oxidase_OS_	OG18	1.0		
MetazoaRotiferaBrachionusplicatilis_5268255__XDH_EMENI_Xanthine_dehydrogenase_OS_	OG18	1.0		
TelonemiaP00656Telonemasubtile_26517654__XDH_DICDI_Xanthine_dehydrogenase_OS_	OG18	1.0		
ChloroplastidaChlamydomonasreinhardtiiUP000006906_6357777__XDH_ORYSJ_Xanthine_dehydrogenase_OS_	OG18	1.0		
MetazoaPlacozoaHoilungiahongkongensis_4546116__XDH_BOVIN_Xanthine_dehydrogenase_oxidase_OS_	OG18	1.0		
MetazoaCnidariaNematostellavectensis_3391000__XDH_CHICK_Xanthine_dehydrogenase_oxidase_OS_	OG18	1.0		
MetazoaPoriferaHaliclonatubifera_4957798__AOXD_MOUSE_Aldehyde_oxidase_4_OS_	OG18	1.0		
RhizariaEP00473Plasmodiophorabrassicae_22114628__XDH_DICDI_Xanthine_dehydrogenase_OS_	OG18	1.0		
MetazoaPoriferaSyconciliatum_5109300__XDH_CHICK_Xanthine_dehydrogenase_oxidase_OS_	OG18	1.0		
MetazoaPlacozoaHoilungiahongkongensis_4543177__XDH_CHICK_Xanthine_dehydrogenase_oxidase_OS_	OG18	1.0		
MetazoaPoriferaSyconciliatum_5103244__XDH_CHICK_Xanthine_dehydrogenase_oxidase_OS_	OG18	1.0		
MetazoaPoriferaSyconciliatum_5144080__XDH_CHICK_Xanthine_dehydrogenase_oxidase_OS_	OG18	1.0		
MetazoaPoriferaSyconciliatum_5123331__XDH_CHICK_Xanthine_dehydrogenase_oxidase_OS_	OG18	1.0		
HeteroloboseaEP00761Pharyngomonaskirbyi_14493340__XDH_DICDI_Xanthine_dehydrogenase_OS_	OG18	1.0		
StramenopilesEP00652Aphanomycesastaci_26152345__XDH_ORYSJ_Xanthine_dehydrogenase_OS_	OG18	1.0		
MetazoaPoriferaAmphimedonqueenslandica_4702355__XDH_CHICK_Xanthine_dehydrogenase_oxidase_OS_	OG18	1.0		
MetazoaPoriferaAmphimedonqueenslandica_4706212__XDH_DROME_Xanthine_dehydrogenase_OS_	OG18	1.0		
MetazoaPoriferaLeucosoleniacomplicata_5040309__XDH_BOVIN_Xanthine_dehydrogenase_oxidase_OS_	OG18	1.0		
MetazoaEchinodermataEP00057Strongylocentrotuspurpuratus_3816592__XDH_HUMAN_Xanthine_dehydrogenase_oxidase_OS_	OG18	1.0		
MetazoaPlacozoaHoilungiahongkongensis_4522445__XDH_BOVIN_Xanthine_dehydrogenase_oxidase_OS_	OG18	1.0		
ChloroplastidaArabidopsisthalianaUP000006548_5890650__XDH_ORYSJ_Xanthine_dehydrogenase_OS_	OG18	1.0		
MetazoaPlacozoaHoilungiahongkongensis_4522442__AOXC_MOUSE_Aldehyde_oxidase_3_OS_	OG18	1.0		
MetazoaPoriferaSyconciliatum_5146719__XDH_CHICK_Xanthine_dehydrogenase_oxidase_OS_	OG18	1.0		
MetazoaVertebrateHomosapiens_6456402__XDH_HUMAN_Xanthine_dehydrogenase_oxidase_OS_	OG18	1.0		
MetazoaPoriferaHaliclonatubifera_4960201__XDH_DROSU_Xanthine_dehydrogenase_OS_	OG18	1.0		
MetazoaPoriferaLeucosoleniacomplicata_4989306__XDH_DROPS_Xanthine_dehydrogenase_OS_	OG18	1.0		
MetazoaCephalochordataBranchiostomabelcheri_2799328__XDH_CHICK_Xanthine_dehydrogenase_oxidase_OS_	OG18	1.0		
StramenopilesPhytophthorainfestansUP000006643_26369483__XDH1_ARATH_Xanthine_dehydrogenase_1_OS_	OG18	1.0		
MetazoaPoriferaLeucosoleniacomplicata_4996520__XDH_CHICK_Xanthine_dehydrogenase_oxidase_OS_	OG18	1.0		
MetazoaPlacozoaHoilungiahongkongensis_4543181__XDH_DROME_Xanthine_dehydrogenase_OS_	OG18	1.0		
MetazoaPoriferaLeucosoleniacomplicata_4988443__XDH_DROME_Xanthine_dehydrogenase_OS_	OG18	1.0		
MetazoaPlacozoaEP00114TrichoplaxspH2_4504411__XDH_BOVIN_Xanthine_dehydrogenase_oxidase_OS_	OG18	1.0		
MetazoaPlacozoaHoilungiahongkongensis_4574136__XDH_BOVIN_Xanthine_dehydrogenase_oxidase_OS_	OG18	1.0		
MetazoaPoriferaLeucosoleniacomplicata_5056660__XDH_DROME_Xanthine_dehydrogenase_OS_	OG18	1.0		
MetazoaCnidariaAcroporadigitifera_2934261__XDH_CHICK_Xanthine_dehydrogenase_oxidase_OS_	OG18	1.0		
MetazoaHemichordataSaccoglossuskowalevskii_4068682__XDH_CHICK_Xanthine_dehydrogenase_oxidase_OS_	OG18	1.0		
MetazoaPoriferaSyconciliatum_5118907__XDH_CHICK_Xanthine_dehydrogenase_oxidase_OS_	OG18	1.0		
IchthyosporeaSphaeroformaarcticaUP000054560_14625514__XDH_DROME_Xanthine_dehydrogenase_OS_	OG18	1.0		
ChoanoflagellataEP00047Mylnosigafluctuans_11124723__XDH_FELCA_Xanthine_dehydrogenase_oxidase_OS_	OG18	1.0		
MetazoaEchinodermataEP00057Strongylocentrotuspurpuratus_3826255__XDH_CHICK_Xanthine_dehydrogenase_oxidase_OS_	OG18	1.0		
MetazoaPlacozoaHoilungiahongkongensis_4522434__AOXA_MOUSE_Aldehyde_oxidase_1_OS_	OG18	1.0		
MetazoaEchinodermataEP00057Strongylocentrotuspurpuratus_3802507__XDH_DROME_Xanthine_dehydrogenase_OS_	OG18	1.0		
MetazoaCnidariaAstreoporasp_3033621__XDH_MOUSE_Xanthine_dehydrogenase_oxidase_OS_	OG18	1.0		
MetazoaBryozoaBugulaneritina_2484340__XDH_CALVI_Xanthine_dehydrogenase_OS_	OG18	1.0		
MetazoaBryozoaBugulaneritina_2744344__XDH_DROME_Xanthine_dehydrogenase_OS_	OG18	1.0		
MetazoaPoriferaSyconciliatum_5106324__XDH_CHICK_Xanthine_dehydrogenase_oxidase_OS_	OG18	1.0		
MetazoaPoriferaHaliclonatubifera_4955614__XDH_CHICK_Xanthine_dehydrogenase_oxidase_OS_	OG18	1.0		
MetazoaUrochordataEP00059Cionaintestinalis_5348981__XDH_CHICK_Xanthine_dehydrogenase_oxidase_OS_	OG18	1.0		
MetazoaAnnelidaEP00103Capitellateleta_77348__XDH_DROSU_Xanthine_dehydrogenase_OS_	OG19	1.0		
MetazoaMolluscaLottiagigantea_4204142__XDH_CHICK_Xanthine_dehydrogenase_oxidase_OS_	OG19	1.0		
MetazoaMolluscaLottiagigantea_4223092__XDH_DROME_Xanthine_dehydrogenase_OS_	OG19	1.0		
MetazoaMolluscaLottiagigantea_4209337__XDH_CHICK_Xanthine_dehydrogenase_oxidase_OS_	OG20	1.0		
MetazoaMolluscaLottiagigantea_4205165__XDH_FELCA_Xanthine_dehydrogenase_oxidase_OS_	OG20	1.0		
MetazoaMolluscaLottiagigantea_4214867__XDH_CHICK_Xanthine_dehydrogenase_oxidase_OS_	OG20	1.0		
MetazoaMolluscaLottiagigantea_4220357__XDH_DROME_Xanthine_dehydrogenase_OS_	OG20	1.0		
MetazoaVertebrateEptatretusburgeri_6402174__XDH_CHICK_Xanthine_dehydrogenase_oxidase_OS_	OG21	1.0		
MetazoaHemichordataSaccoglossuskowalevskii_4075689__XDH_CHICK_Xanthine_dehydrogenase_oxidase_OS_	OG21	1.0		
MetazoaCnidariaMadracisauretenra_3290007__XDH_CHICK_Xanthine_dehydrogenase_oxidase_OS_	OG21	1.0		
MetazoaCnidariaMadracisauretenra_3279928__XDH_CHICK_Xanthine_dehydrogenase_oxidase_OS_	OG21	1.0		
MetazoaHemichordataSaccoglossuskowalevskii_4047783__XDH_CALVI_Xanthine_dehydrogenase_OS_	OG21	1.0		
MetazoaHemichordataSaccoglossuskowalevskii_4059668__XDH_CHICK_Xanthine_dehydrogenase_oxidase_OS_	OG21	1.0		
MetazoaHemichordataSaccoglossuskowalevskii_4063707__XDH_CHICK_Xanthine_dehydrogenase_oxidase_OS_	OG21	1.0		
MetazoaHemichordataSaccoglossuskowalevskii_4076251__XDH_CHICK_Xanthine_dehydrogenase_oxidase_OS_	OG21	1.0		
MetazoaHemichordataSaccoglossuskowalevskii_4059674__XDH_CHICK_Xanthine_dehydrogenase_oxidase_OS_	OG21	1.0		
MetazoaHemichordataSaccoglossuskowalevskii_4047435__XDH_CHICK_Xanthine_dehydrogenase_oxidase_OS_	OG21	1.0		
MetazoaHemichordataSaccoglossuskowalevskii_4047438__XDH_CHICK_Xanthine_dehydrogenase_oxidase_OS_	OG21	1.0		
MetazoaHemichordataSaccoglossuskowalevskii_4059677__XDH_CHICK_Xanthine_dehydrogenase_oxidase_OS_	OG21	1.0		
MetazoaHemichordataSaccoglossuskowalevskii_4075679__XDH_CHICK_Xanthine_dehydrogenase_oxidase_OS_	OG21	1.0		
MetazoaHemichordataSaccoglossuskowalevskii_4059685__XDH_CHICK_Xanthine_dehydrogenase_oxidase_OS_	OG21	1.0		
MetazoaCnidariaMontastraeacavernosa_3315369__XDH_CHICK_Xanthine_dehydrogenase_oxidase_OS_	OG21	1.0		
MetazoaHemichordataSaccoglossuskowalevskii_4075826__XDH_CHICK_Xanthine_dehydrogenase_oxidase_OS_	OG21	1.0		
MetazoaHemichordataSaccoglossuskowalevskii_4075561__XDH_CHICK_Xanthine_dehydrogenase_oxidase_OS_	OG21	1.0		
MetazoaVertebrateMusmusculus_6531291__AOXA_MOUSE_Aldehyde_oxidase_1_OS_	OG22	1.0		
MetazoaCnidariaMontastraeacavernosa_3321076__XDH_CHICK_Xanthine_dehydrogenase_oxidase_OS_	OG22	1.0		
MetazoaCnidariaMontastraeacavernosa_3349040__XDH_CHICK_Xanthine_dehydrogenase_oxidase_OS_	OG22	1.0		
MetazoaCnidariaAnthopleuraelegantissima_3001364__XDH_HUMAN_Xanthine_dehydrogenase_oxidase_OS_	OG22	1.0		
MetazoaEchinodermataEP00057Strongylocentrotuspurpuratus_3824264__XDH_DROME_Xanthine_dehydrogenase_OS_	OG22	1.0		
MetazoaCnidariaAnthopleuraelegantissima_3002274__XDH_DROSU_Xanthine_dehydrogenase_OS_	OG22	1.0		
MetazoaEchinodermataEP00057Strongylocentrotuspurpuratus_3822883__XDH_CHICK_Xanthine_dehydrogenase_oxidase_OS_	OG22	1.0		
MetazoaCnidariaAnthopleuraelegantissima_2996010__XDH_CHICK_Xanthine_dehydrogenase_oxidase_OS_	OG22	1.0		
MetazoaEchinodermataEP00057Strongylocentrotuspurpuratus_3809969__XDH_CHICK_Xanthine_dehydrogenase_oxidase_OS_	OG22	1.0		
MetazoaCnidariaFungiascutaria_3186388__XDH_MOUSE_Xanthine_dehydrogenase_oxidase_OS_	OG22	1.0		
MetazoaCnidariaMadracisauretenra_3288873__XDH_MOUSE_Xanthine_dehydrogenase_oxidase_OS_	OG22	1.0		
MetazoaEchinodermataEP00057Strongylocentrotuspurpuratus_3816709__XDH_CHICK_Xanthine_dehydrogenase_oxidase_OS_	OG22	1.0		
MetazoaCnidariaMadracisauretenra_3288874__XDH_CHICK_Xanthine_dehydrogenase_oxidase_OS_	OG22	1.0		
MetazoaCnidariaMadracisauretenra_3288875__XDH_CHICK_Xanthine_dehydrogenase_oxidase_OS_	OG22	1.0		
MetazoaCnidariaNematostellavectensis_3389496__XDH_CHICK_Xanthine_dehydrogenase_oxidase_OS_	OG22	1.0		
MetazoaVertebrateMusmusculus_6536845__AOXB_MOUSE_Aldehyde_oxidase_2_OS_	OG22	1.0		
MetazoaVertebrateDaniorerio_5424791__AOXA_BOVIN_Aldehyde_oxidase_1_OS_	OG22	1.0		
MetazoaVertebrateHomosapiens_6457913__AOXA_HUMAN_Aldehyde_oxidase_OS_	OG22	1.0		
MetazoaVertebrateDaniorerio_5430074__AOXB_MACFA_Aldehyde_oxidase_2_OS_	OG22	1.0		
MetazoaVertebrateMusmusculus_6535654__AOXD_MOUSE_Aldehyde_oxidase_4_OS_	OG22	1.0		
MetazoaVertebrateMusmusculus_6530287__AOXC_MOUSE_Aldehyde_oxidase_3_OS_	OG22	1.0		
BreviataEP00033Pygsuiabiforma_5529937__XDH_DICDI_Xanthine_dehydrogenase_OS_	OG23	1.0		
MetazoaArthropodaEP00090Calanusglacialis_714767__AOXC_MOUSE_Aldehyde_oxidase_3_OS_	OG24	1.0		
